logger,X,Y
214,2586918.50109055,1219738.00201541
208,2586623.50163489,1219907.00302359
209,2586127.00435491,1220505.75806624
228,2587318.10545237,1221262.51008333
